	question	equation
0	바구니에 강아지가 12개 있습니다. 어머니이가 바구니에 강아지 27개를 더 넣었습니다. 바구니 안에 있는 강아지는 모두 몇 개입니까?	12 + 27
1	바구니에 바둑돌가 18개 있습니다. 은지이가 바구니에 바둑돌 3개를 더 넣었습니다. 바구니 안에 있는 바둑돌는 모두 몇 개입니까?	18 + 3
2	바구니에 배가 11개 있습니다. 손녀이가 바구니에 배 27개를 더 넣었습니다. 바구니 안에 있는 배는 모두 몇 개입니까?	11 + 27
3	바구니에 바둑돌가 11개 있습니다. 민영이가 바구니에 바둑돌 5개를 더 넣었습니다. 바구니 안에 있는 바둑돌는 모두 몇 개입니까?	11 + 5
4	바구니에 달팽이가 4개 있습니다. 어머니이가 바구니에 달팽이 20개를 더 넣었습니다. 바구니 안에 있는 달팽이는 모두 몇 개입니까?	4 + 20
5	바구니에 토끼가 25개 있습니다. 이모이가 바구니에서 토끼 30개를 가져갔습니다. 바구니 안에 있는 토끼는 모두 몇 개입니까?	25 - 30
6	바구니에 장미가 4개 있습니다. 유나이가 바구니에서 장미 3개를 가져갔습니다. 바구니 안에 있는 장미는 모두 몇 개입니까?	4 - 3
7	바구니에 비둘기가 5개 있습니다. 조카이가 바구니에서 비둘기 18개를 가져갔습니다. 바구니 안에 있는 비둘기는 모두 몇 개입니까?	5 - 18
8	바구니에 카네이션가 28개 있습니다. 지민이가 바구니에서 카네이션 3개를 가져갔습니다. 바구니 안에 있는 카네이션는 모두 몇 개입니까?	28 - 3
9	바구니에 장난감가 17개 있습니다. 삼촌이가 바구니에서 장난감 9개를 가져갔습니다. 바구니 안에 있는 장난감는 모두 몇 개입니까?	17 - 9
10	어머니이는 가지고 있던 바둑돌 중에서 아버지에게 1개를 주고 태형에게 17개를 주었더니 24개가 남았습니다. 처음에 어머니이가 가지고 있던 바둑돌은 몇 개입니까?	24 + 1 + 17
11	이모이는 가지고 있던 감 중에서 조카에게 1개를 주고 민영에게 12개를 주었더니 3개가 남았습니다. 처음에 이모이가 가지고 있던 감은 몇 개입니까?	3 + 1 + 12
12	아버지이는 가지고 있던 오리 중에서 정국에게 22개를 주고 손녀에게 13개를 주었더니 15개가 남았습니다. 처음에 아버지이가 가지고 있던 오리은 몇 개입니까?	15 + 22 + 13
13	할머니이는 가지고 있던 라면 중에서 유정에게 16개를 주고 조카에게 8개를 주었더니 6개가 남았습니다. 처음에 할머니이가 가지고 있던 라면은 몇 개입니까?	6 + 16 + 8
14	유정이는 가지고 있던 비둘기 중에서 형에게 7개를 주고 정국에게 3개를 주었더니 17개가 남았습니다. 처음에 유정이가 가지고 있던 비둘기은 몇 개입니까?	17 + 7 + 3
15	지민이는 가지고 있던 장난감 중에서 조카에게 7개를 받고 민영에게 14개를 주었더니 17개가 남았습니다. 처음에 지민이가 가지고 있던 장난감은 몇 개입니까?	17 - 7 + 14
16	유나이는 가지고 있던 탁구공 중에서 은지에게 5개를 받고 석진에게 21개를 주었더니 12개가 남았습니다. 처음에 유나이가 가지고 있던 탁구공은 몇 개입니까?	12 - 5 + 21
17	민영이는 가지고 있던 야구공 중에서 언니에게 21개를 받고 동생에게 12개를 주었더니 16개가 남았습니다. 처음에 민영이가 가지고 있던 야구공은 몇 개입니까?	16 - 21 + 12
18	오빠이는 가지고 있던 테이프 중에서 태형에게 12개를 받고 형에게 24개를 주었더니 3개가 남았습니다. 처음에 오빠이가 가지고 있던 테이프은 몇 개입니까?	3 - 12 + 24
19	아버지이는 가지고 있던 카네이션 중에서 동생에게 7개를 받고 누나에게 10개를 주었더니 8개가 남았습니다. 처음에 아버지이가 가지고 있던 카네이션은 몇 개입니까?	8 - 7 + 10
20	유나이는 가지고 있던 색연필 중에서 언니에게 23개를 주고 어머니에게 10개를 받았더니 25개가 남았습니다. 처음에 유나이가 가지고 있던 색연필은 몇 개입니까?	25 + 23 - 10
21	이모이는 가지고 있던 오리 중에서 태형에게 22개를 주고 누나에게 27개를 받았더니 25개가 남았습니다. 처음에 이모이가 가지고 있던 오리은 몇 개입니까?	25 + 22 - 27
22	형이는 가지고 있던 배구공 중에서 손녀에게 26개를 주고 동생에게 30개를 받았더니 27개가 남았습니다. 처음에 형이가 가지고 있던 배구공은 몇 개입니까?	27 + 26 - 30
23	민영이는 가지고 있던 무 중에서 형에게 19개를 주고 이모에게 6개를 받았더니 16개가 남았습니다. 처음에 민영이가 가지고 있던 무은 몇 개입니까?	16 + 19 - 6
24	석진이는 가지고 있던 귤 중에서 태형에게 18개를 주고 남준에게 16개를 받았더니 27개가 남았습니다. 처음에 석진이가 가지고 있던 귤은 몇 개입니까?	27 + 18 - 16
25	구슬과 배추이 모두 합해서 27개 있습니다. 구슬이 배추보다 18개 더 적다면 구슬은 몇 개 있습니까?	(27 - 18) / 2
26	김밥과 라면이 모두 합해서 10개 있습니다. 김밥이 라면보다 22개 더 적다면 김밥은 몇 개 있습니까?	(10 - 22) / 2
27	사탕과 무이 모두 합해서 21개 있습니다. 사탕이 무보다 14개 더 적다면 사탕은 몇 개 있습니까?	(21 - 14) / 2
28	풀과 탁구공이 모두 합해서 30개 있습니다. 풀이 탁구공보다 20개 더 적다면 풀은 몇 개 있습니까?	(30 - 20) / 2
29	농구공과 비둘기이 모두 합해서 19개 있습니다. 농구공이 비둘기보다 24개 더 적다면 농구공은 몇 개 있습니까?	(19 - 24) / 2
30	토마토과 공책이 모두 합해서 10개 있습니다. 토마토이 공책보다 30개 더 많다면 토마토은 몇 개 있습니까?	(10 + 30) / 2
31	주스과 달팽이이 모두 합해서 20개 있습니다. 주스이 달팽이보다 8개 더 많다면 주스은 몇 개 있습니까?	(20 + 8) / 2
32	수박과 사과이 모두 합해서 10개 있습니다. 수박이 사과보다 21개 더 많다면 수박은 몇 개 있습니까?	(10 + 21) / 2
33	우유과 닭이 모두 합해서 24개 있습니다. 우유이 닭보다 30개 더 많다면 우유은 몇 개 있습니까?	(24 + 30) / 2
34	농구공과 배이 모두 합해서 5개 있습니다. 농구공이 배보다 29개 더 많다면 농구공은 몇 개 있습니까?	(5 + 29) / 2
35	색종이과 귤이 모두 합해서 1개 있습니다. 색종이이 귤보다 18개 더 적다면 귤은 몇 개 있습니까?	(1 + 18) / 2
36	라면과 주스이 모두 합해서 5개 있습니다. 라면이 주스보다 3개 더 적다면 주스은 몇 개 있습니까?	(5 + 3) / 2
37	당근과 감이 모두 합해서 15개 있습니다. 당근이 감보다 24개 더 적다면 감은 몇 개 있습니까?	(15 + 24) / 2
38	탁구공과 공책이 모두 합해서 2개 있습니다. 탁구공이 공책보다 11개 더 적다면 공책은 몇 개 있습니까?	(2 + 11) / 2
39	우유과 오이이 모두 합해서 21개 있습니다. 우유이 오이보다 16개 더 적다면 오이은 몇 개 있습니까?	(21 + 16) / 2
40	장미를 19명에게 똑같이 나누어 주어야 할 것을 잘못하여 3명에게 똑같이 나누어 주었더니 한 사람당 8장씩 주고 7장이 남았습니다. 이 색종이를 14명에게 똑같이 나누어 주면 한 사람당 최대한 몇 장씩 가지게 됩니까?	(3 * 8 + 7) / 19
41	고래를 17명에게 똑같이 나누어 주어야 할 것을 잘못하여 18명에게 똑같이 나누어 주었더니 한 사람당 10장씩 주고 8장이 남았습니다. 이 색종이를 5명에게 똑같이 나누어 주면 한 사람당 최대한 몇 장씩 가지게 됩니까?	(18 * 10 + 8) / 17
42	나무토막를 16명에게 똑같이 나누어 주어야 할 것을 잘못하여 10명에게 똑같이 나누어 주었더니 한 사람당 15장씩 주고 7장이 남았습니다. 이 색종이를 20명에게 똑같이 나누어 주면 한 사람당 최대한 몇 장씩 가지게 됩니까?	(10 * 15 + 7) / 16
43	장난감를 16명에게 똑같이 나누어 주어야 할 것을 잘못하여 1명에게 똑같이 나누어 주었더니 한 사람당 10장씩 주고 20장이 남았습니다. 이 색종이를 14명에게 똑같이 나누어 주면 한 사람당 최대한 몇 장씩 가지게 됩니까?	(1 * 10 + 20) / 16
44	병아리를 6명에게 똑같이 나누어 주어야 할 것을 잘못하여 16명에게 똑같이 나누어 주었더니 한 사람당 12장씩 주고 17장이 남았습니다. 이 색종이를 4명에게 똑같이 나누어 주면 한 사람당 최대한 몇 장씩 가지게 됩니까?	(16 * 12 + 17) / 6
45	조카네 반 전체 학생 수는 15명입니다. 그중에서 남학생은 전체의 9/11입니다. 남학생 중에서 안경을 낀 학생은 남학생 전체의 2/11입니다. 조카네 반에서 안경을 끼지 않은 남학생은 몇 명입니까?	15 * 9/11 - 15 * 9/11 * 2/11
46	조카네 반 전체 학생 수는 36명입니다. 그중에서 남학생은 전체의 2/10입니다. 남학생 중에서 안경을 낀 학생은 남학생 전체의 7/2입니다. 조카네 반에서 안경을 끼지 않은 남학생은 몇 명입니까?	36 * 2/10 - 36 * 2/10 * 7/2
47	정국네 반 전체 학생 수는 23명입니다. 그중에서 남학생은 전체의 2/1입니다. 남학생 중에서 안경을 낀 학생은 남학생 전체의 6/4입니다. 정국네 반에서 안경을 끼지 않은 남학생은 몇 명입니까?	23 * 2/1 - 23 * 2/1 * 6/4
48	언니네 반 전체 학생 수는 6명입니다. 그중에서 남학생은 전체의 4/7입니다. 남학생 중에서 안경을 낀 학생은 남학생 전체의 6/2입니다. 언니네 반에서 안경을 끼지 않은 남학생은 몇 명입니까?	6 * 4/7 - 6 * 4/7 * 6/2
49	형네 반 전체 학생 수는 22명입니다. 그중에서 남학생은 전체의 3/6입니다. 남학생 중에서 안경을 낀 학생은 남학생 전체의 7/8입니다. 형네 반에서 안경을 끼지 않은 남학생은 몇 명입니까?	22 * 3/6 - 22 * 3/6 * 7/8
50	학교에서 장미, 농구공, 탁구공, 우유, 색종이의 순서로 시험을 봤습니다. 5번째로 시험을 본 과목은 무엇입니까?	"l = ['장미', '농구공', '탁구공', '우유', '색종이']
print(l[5 - 1]"
51	학교에서 장미, 도화지, 개구리, 배, 바둑돌의 순서로 시험을 봤습니다. 3번째로 시험을 본 과목은 무엇입니까?	"l = ['장미', '도화지', '개구리', '배', '바둑돌']
print(l[3 - 1]"
52	학교에서 김밥, 비둘기, 우유, 장미, 도화지의 순서로 시험을 봤습니다. 1번째로 시험을 본 과목은 무엇입니까?	"l = ['김밥', '비둘기', '우유', '장미', '도화지']
print(l[1 - 1]"
53	학교에서 개구리, 토마토, 주스, 수박, 포도의 순서로 시험을 봤습니다. 5번째로 시험을 본 과목은 무엇입니까?	"l = ['개구리', '토마토', '주스', '수박', '포도']
print(l[5 - 1]"
54	학교에서 개구리, 라면, 공책, 토마토, 오이의 순서로 시험을 봤습니다. 5번째로 시험을 본 과목은 무엇입니까?	"l = ['개구리', '라면', '공책', '토마토', '오이']
print(l[5 - 1]"
55	학교에서 음료수, 물고기, 무, 지우개, 배추, 개구리, 국화의 순서로 시험을 봤습니다. 1번째로 시험을 본 과목은 무엇입니까?	"l = ['음료수', '물고기', '무', '지우개', '배추, 개구리, 국화']
print(l[1 - 1]"
56	학교에서 야구공, 나무토막, 지우개, 배, 탁구공, 사과, 장난감의 순서로 시험을 봤습니다. 6번째로 시험을 본 과목은 무엇입니까?	"l = ['야구공', '나무토막', '지우개', '배', '탁구공, 사과, 장난감']
print(l[6 - 1]"
57	학교에서 탁구공, 나무토막, 배, 닭, 라면, 튤립, 배추의 순서로 시험을 봤습니다. 5번째로 시험을 본 과목은 무엇입니까?	"l = ['탁구공', '나무토막', '배', '닭', '라면, 튤립, 배추']
print(l[5 - 1]"
58	학교에서 강아지, 튤립, 탁구공, 나무토막, 음료수, 사과, 구슬의 순서로 시험을 봤습니다. 3번째로 시험을 본 과목은 무엇입니까?	"l = ['강아지', '튤립', '탁구공', '나무토막', '음료수, 사과, 구슬']
print(l[3 - 1]"
59	학교에서 닭, 당근, 국화, 김밥, 테이프, 탁구공, 달팽이의 순서로 시험을 봤습니다. 1번째로 시험을 본 과목은 무엇입니까?	"l = ['닭', '당근', '국화', '김밥', '테이프, 탁구공, 달팽이']
print(l[1 - 1]"
60	학교에서 감, 탁구공, 비둘기, 강아지, 농구공의 순서로 시험을 봤습니다. 뒤에서 4번째로 시험을 본 과목은 무엇입니까?	"l = ['감', '탁구공', '비둘기', '강아지', '농구공']
print(l[len(l) - 4]"
61	학교에서 닭, 색종이, 나무토막, 공책, 귤의 순서로 시험을 봤습니다. 뒤에서 3번째로 시험을 본 과목은 무엇입니까?	"l = ['닭', '색종이', '나무토막', '공책', '귤']
print(l[len(l) - 3]"
62	학교에서 토마토, 무, 카네이션, 튤립, 구슬의 순서로 시험을 봤습니다. 뒤에서 5번째로 시험을 본 과목은 무엇입니까?	"l = ['토마토', '무', '카네이션', '튤립', '구슬']
print(l[len(l) - 5]"
63	학교에서 토마토, 탁구공, 농구공, 물고기, 김밥의 순서로 시험을 봤습니다. 뒤에서 4번째로 시험을 본 과목은 무엇입니까?	"l = ['토마토', '탁구공', '농구공', '물고기', '김밥']
print(l[len(l) - 4]"
64	학교에서 사과, 김밥, 배추, 빵, 고래의 순서로 시험을 봤습니다. 뒤에서 2번째로 시험을 본 과목은 무엇입니까?	"l = ['사과', '김밥', '배추', '빵', '고래']
print(l[len(l) - 2]"
65	달리기 시합에서 어머니이는 6등을 했고, 태형이는 5등을 했습니다. 아버지이는 태형이보다 못했지만 어머니이보다는 잘했습니다. 아버지이는 몇 등입니까?	5 + 1
66	달리기 시합에서 손녀이는 3등을 했고, 할머니이는 2등을 했습니다. 어머니이는 할머니이보다 못했지만 손녀이보다는 잘했습니다. 어머니이는 몇 등입니까?	2 + 1
67	달리기 시합에서 민영이는 5등을 했고, 유나이는 2등을 했습니다. 동생이는 유나이보다 못했지만 민영이보다는 잘했습니다. 동생이는 몇 등입니까?	2 + 1
68	달리기 시합에서 어머니이는 8등을 했고, 석진이는 4등을 했습니다. 할머니이는 석진이보다 못했지만 어머니이보다는 잘했습니다. 할머니이는 몇 등입니까?	4 + 1
69	달리기 시합에서 할머니이는 5등을 했고, 윤기이는 9등을 했습니다. 남준이는 윤기이보다 못했지만 할머니이보다는 잘했습니다. 남준이는 몇 등입니까?	9 + 1
70	달리기 시합에서 정국이는 10등을 했고, 남준이는 3등을 했습니다. 형이는 남준이보다 잘했지만 정국이보다는 못했습니다. 형이는 몇 등입니까?	10 + 1
71	달리기 시합에서 지민이는 8등을 했고, 유나이는 10등을 했습니다. 조카이는 유나이보다 잘했지만 지민이보다는 못했습니다. 조카이는 몇 등입니까?	8 + 1
72	달리기 시합에서 조카이는 3등을 했고, 삼촌이는 7등을 했습니다. 손자이는 삼촌이보다 잘했지만 조카이보다는 못했습니다. 손자이는 몇 등입니까?	3 + 1
73	달리기 시합에서 손자이는 2등을 했고, 어머니이는 7등을 했습니다. 누나이는 어머니이보다 잘했지만 손자이보다는 못했습니다. 누나이는 몇 등입니까?	2 + 1
74	달리기 시합에서 지민이는 4등을 했고, 석진이는 1등을 했습니다. 누나이는 석진이보다 잘했지만 지민이보다는 못했습니다. 누나이는 몇 등입니까?	4 + 1
75	달리기 시합에서 할머니이는 9등을 했고, 오빠이는 7등을 했습니다. 언니이는 할머니이보다 잘했지만 오빠이보다는 못했습니다. 언니이는 몇 등입니까?	7 + 1
76	달리기 시합에서 윤기이는 10등을 했고, 삼촌이는 1등을 했습니다. 형이는 윤기이보다 잘했지만 삼촌이보다는 못했습니다. 형이는 몇 등입니까?	1 + 1
77	달리기 시합에서 삼촌이는 2등을 했고, 정국이는 6등을 했습니다. 석진이는 삼촌이보다 잘했지만 정국이보다는 못했습니다. 석진이는 몇 등입니까?	6 + 1
78	달리기 시합에서 은지이는 4등을 했고, 태형이는 6등을 했습니다. 이모이는 은지이보다 잘했지만 태형이보다는 못했습니다. 이모이는 몇 등입니까?	6 + 1
79	달리기 시합에서 손자이는 1등을 했고, 정국이는 7등을 했습니다. 누나이는 손자이보다 잘했지만 정국이보다는 못했습니다. 누나이는 몇 등입니까?	7 + 1
80	학생들이 한 줄로 서 있습니다. 손녀이는 맨 뒤에 서 있습니다. 손녀이는 앞 에서 2번째에 서 있습니다. 태형이와 손녀이 사이에 1명이 서 있을 때, 줄을 서 있는 학생은 모두 몇 명입니까?	2 + 1 + 1
81	학생들이 한 줄로 서 있습니다. 태형이는 맨 뒤에 서 있습니다. 태형이는 앞 에서 2번째에 서 있습니다. 오빠이와 태형이 사이에 3명이 서 있을 때, 줄을 서 있는 학생은 모두 몇 명입니까?	2 + 3 + 1
82	학생들이 한 줄로 서 있습니다. 손자이는 맨 뒤에 서 있습니다. 손자이는 앞 에서 2번째에 서 있습니다. 태형이와 손자이 사이에 10명이 서 있을 때, 줄을 서 있는 학생은 모두 몇 명입니까?	2 + 10 + 1
83	학생들이 한 줄로 서 있습니다. 손녀이는 맨 뒤에 서 있습니다. 손녀이는 앞 에서 5번째에 서 있습니다. 태형이와 손녀이 사이에 1명이 서 있을 때, 줄을 서 있는 학생은 모두 몇 명입니까?	5 + 1 + 1
84	학생들이 한 줄로 서 있습니다. 은지이는 맨 뒤에 서 있습니다. 은지이는 앞 에서 1번째에 서 있습니다. 호석이와 은지이 사이에 9명이 서 있을 때, 줄을 서 있는 학생은 모두 몇 명입니까?	1 + 9 + 1
85	학생들이 한 줄로 서 있습니다. 어머니이는 맨 앞에 서 있습니다. 어머니이는 뒤 에서 3번째에 서 있습니다. 동생이와 어머니이 사이에 5명이 서 있을 때, 줄을 서 있는 학생은 모두 몇 명입니까?	3 + 5 + 1
86	학생들이 한 줄로 서 있습니다. 유나이는 맨 앞에 서 있습니다. 유나이는 뒤 에서 9번째에 서 있습니다. 유정이와 유나이 사이에 1명이 서 있을 때, 줄을 서 있는 학생은 모두 몇 명입니까?	9 + 1 + 1
87	학생들이 한 줄로 서 있습니다. 삼촌이는 맨 앞에 서 있습니다. 삼촌이는 뒤 에서 4번째에 서 있습니다. 민영이와 삼촌이 사이에 8명이 서 있을 때, 줄을 서 있는 학생은 모두 몇 명입니까?	4 + 8 + 1
88	학생들이 한 줄로 서 있습니다. 어머니이는 맨 앞에 서 있습니다. 어머니이는 뒤 에서 2번째에 서 있습니다. 지민이와 어머니이 사이에 10명이 서 있을 때, 줄을 서 있는 학생은 모두 몇 명입니까?	2 + 10 + 1
89	학생들이 한 줄로 서 있습니다. 동생이는 맨 앞에 서 있습니다. 동생이는 뒤 에서 5번째에 서 있습니다. 지민이와 동생이 사이에 9명이 서 있을 때, 줄을 서 있는 학생은 모두 몇 명입니까?	5 + 9 + 1
90	민영는 왼쪽에서 4번째 열, 오른쪽에서 5번째 열, 앞에서 9번째 줄, 뒤에서 3번째 줄에 서서 체조를 하고 있습니다. 각 줄마다 서 있는 학생의 수가 같다고 할 때, 체조를 하고 있는 학생은 모두 몇 명입니까?	(4 + 5 - 1) * (9 + 3 - 1)
91	형는 왼쪽에서 9번째 열, 오른쪽에서 1번째 열, 앞에서 7번째 줄, 뒤에서 8번째 줄에 서서 체조를 하고 있습니다. 각 줄마다 서 있는 학생의 수가 같다고 할 때, 체조를 하고 있는 학생은 모두 몇 명입니까?	(9 + 1 - 1) * (7 + 8 - 1)
92	조카는 왼쪽에서 9번째 열, 오른쪽에서 1번째 열, 앞에서 3번째 줄, 뒤에서 5번째 줄에 서서 체조를 하고 있습니다. 각 줄마다 서 있는 학생의 수가 같다고 할 때, 체조를 하고 있는 학생은 모두 몇 명입니까?	(9 + 1 - 1) * (3 + 5 - 1)
93	지민는 왼쪽에서 5번째 열, 오른쪽에서 1번째 열, 앞에서 6번째 줄, 뒤에서 2번째 줄에 서서 체조를 하고 있습니다. 각 줄마다 서 있는 학생의 수가 같다고 할 때, 체조를 하고 있는 학생은 모두 몇 명입니까?	(5 + 1 - 1) * (6 + 2 - 1)
94	삼촌는 왼쪽에서 5번째 열, 오른쪽에서 9번째 열, 앞에서 4번째 줄, 뒤에서 10번째 줄에 서서 체조를 하고 있습니다. 각 줄마다 서 있는 학생의 수가 같다고 할 때, 체조를 하고 있는 학생은 모두 몇 명입니까?	(5 + 9 - 1) * (4 + 10 - 1)
95	언니는 오른쪽에서 3번째 열, 왼쪽에서 10번째 열, 뒤에서 8번째 줄, 앞에서 5번째 줄에 서서 체조를 하고 있습니다. 각 줄마다 서 있는 학생의 수가 같다고 할 때, 체조를 하고 있는 학생은 모두 몇 명입니까?	(3 + 10 - 1) * (8 + 5 - 1)
96	할머니는 오른쪽에서 9번째 열, 왼쪽에서 7번째 열, 뒤에서 6번째 줄, 앞에서 1번째 줄에 서서 체조를 하고 있습니다. 각 줄마다 서 있는 학생의 수가 같다고 할 때, 체조를 하고 있는 학생은 모두 몇 명입니까?	(9 + 7 - 1) * (6 + 1 - 1)
97	손녀는 오른쪽에서 7번째 열, 왼쪽에서 5번째 열, 뒤에서 3번째 줄, 앞에서 2번째 줄에 서서 체조를 하고 있습니다. 각 줄마다 서 있는 학생의 수가 같다고 할 때, 체조를 하고 있는 학생은 모두 몇 명입니까?	(7 + 5 - 1) * (3 + 2 - 1)
98	누나는 오른쪽에서 3번째 열, 왼쪽에서 5번째 열, 뒤에서 9번째 줄, 앞에서 1번째 줄에 서서 체조를 하고 있습니다. 각 줄마다 서 있는 학생의 수가 같다고 할 때, 체조를 하고 있는 학생은 모두 몇 명입니까?	(3 + 5 - 1) * (9 + 1 - 1)
99	석진는 오른쪽에서 9번째 열, 왼쪽에서 7번째 열, 뒤에서 1번째 줄, 앞에서 8번째 줄에 서서 체조를 하고 있습니다. 각 줄마다 서 있는 학생의 수가 같다고 할 때, 체조를 하고 있는 학생은 모두 몇 명입니까?	(9 + 7 - 1) * (1 + 8 - 1)
100	도서관에 똑같은 책장이 4개 있습니다. 각 책장은 1층이고, 각 층마다 꽂혀 있는 책의 수는 같습니다. 영어책은 어느 책장의 한 층의 왼쪽에서 17번째, 오른쪽에서 14번째에 꽂혀 있습니다. 도서관의 책장에 꽂혀 있는 책은 모두 몇 권입니까?	4 * 1 * (17 + 14 - 1)
101	도서관에 똑같은 책장이 3개 있습니다. 각 책장은 1층이고, 각 층마다 꽂혀 있는 책의 수는 같습니다. 영어책은 어느 책장의 한 층의 왼쪽에서 8번째, 오른쪽에서 11번째에 꽂혀 있습니다. 도서관의 책장에 꽂혀 있는 책은 모두 몇 권입니까?	3 * 1 * (8 + 11 - 1)
102	도서관에 똑같은 책장이 13개 있습니다. 각 책장은 3층이고, 각 층마다 꽂혀 있는 책의 수는 같습니다. 영어책은 어느 책장의 한 층의 왼쪽에서 5번째, 오른쪽에서 1번째에 꽂혀 있습니다. 도서관의 책장에 꽂혀 있는 책은 모두 몇 권입니까?	13 * 3 * (5 + 1 - 1)
103	도서관에 똑같은 책장이 19개 있습니다. 각 책장은 8층이고, 각 층마다 꽂혀 있는 책의 수는 같습니다. 영어책은 어느 책장의 한 층의 왼쪽에서 5번째, 오른쪽에서 11번째에 꽂혀 있습니다. 도서관의 책장에 꽂혀 있는 책은 모두 몇 권입니까?	19 * 8 * (5 + 11 - 1)
104	도서관에 똑같은 책장이 20개 있습니다. 각 책장은 16층이고, 각 층마다 꽂혀 있는 책의 수는 같습니다. 영어책은 어느 책장의 한 층의 왼쪽에서 10번째, 오른쪽에서 2번째에 꽂혀 있습니다. 도서관의 책장에 꽂혀 있는 책은 모두 몇 권입니까?	20 * 16 * (10 + 2 - 1)
105	도서관에 똑같은 책장이 9개 있습니다. 각 책장은 2층이고, 각 층마다 꽂혀 있는 책의 수는 같습니다. 영어책은 어느 책장의 한 층의 오른쪽에서 18번째, 왼쪽에서 5번째에 꽂혀 있습니다. 도서관의 책장에 꽂혀 있는 책은 모두 몇 권입니까?	9 * 2 * (18 + 5 - 1)
106	도서관에 똑같은 책장이 19개 있습니다. 각 책장은 3층이고, 각 층마다 꽂혀 있는 책의 수는 같습니다. 영어책은 어느 책장의 한 층의 오른쪽에서 17번째, 왼쪽에서 9번째에 꽂혀 있습니다. 도서관의 책장에 꽂혀 있는 책은 모두 몇 권입니까?	19 * 3 * (17 + 9 - 1)
107	도서관에 똑같은 책장이 8개 있습니다. 각 책장은 17층이고, 각 층마다 꽂혀 있는 책의 수는 같습니다. 영어책은 어느 책장의 한 층의 오른쪽에서 12번째, 왼쪽에서 14번째에 꽂혀 있습니다. 도서관의 책장에 꽂혀 있는 책은 모두 몇 권입니까?	8 * 17 * (12 + 14 - 1)
108	도서관에 똑같은 책장이 1개 있습니다. 각 책장은 18층이고, 각 층마다 꽂혀 있는 책의 수는 같습니다. 영어책은 어느 책장의 한 층의 오른쪽에서 19번째, 왼쪽에서 14번째에 꽂혀 있습니다. 도서관의 책장에 꽂혀 있는 책은 모두 몇 권입니까?	1 * 18 * (19 + 14 - 1)
109	도서관에 똑같은 책장이 13개 있습니다. 각 책장은 17층이고, 각 층마다 꽂혀 있는 책의 수는 같습니다. 영어책은 어느 책장의 한 층의 오른쪽에서 3번째, 왼쪽에서 5번째에 꽂혀 있습니다. 도서관의 책장에 꽂혀 있는 책은 모두 몇 권입니까?	13 * 17 * (3 + 5 - 1)
110	1, 5, 8 중에서 서로 다른 숫자 2개를 뽑아 만들 수 있는 가장 큰 두 자리 수를 구하시오.	l = sorted([1, 5, 8]\nprint(l[-1] * 10 + l[-2])
111	4, 5, 7 중에서 서로 다른 숫자 2개를 뽑아 만들 수 있는 가장 큰 두 자리 수를 구하시오.	l = sorted([4, 5, 7]\nprint(l[-1] * 10 + l[-2])
112	5, 6, 4 중에서 서로 다른 숫자 2개를 뽑아 만들 수 있는 가장 큰 두 자리 수를 구하시오.	l = sorted([5, 6, 4]\nprint(l[-1] * 10 + l[-2])
113	9, 2, 7 중에서 서로 다른 숫자 2개를 뽑아 만들 수 있는 가장 큰 두 자리 수를 구하시오.	l = sorted([9, 2, 7]\nprint(l[-1] * 10 + l[-2])
114	8, 3, 7 중에서 서로 다른 숫자 2개를 뽑아 만들 수 있는 가장 큰 두 자리 수를 구하시오.	l = sorted([8, 3, 7]\nprint(l[-1] * 10 + l[-2])
115	6, 3, 4, 9, 5  중에서 서로 다른 숫자 3개를 뽑아 만들 수 있는 가장 큰 세 자리 수를 구하시오.	l = sorted([6, 3, <정수3, 9, 5]\nprint(l[-1] * 100 + l[-2]) * 10 + l[-3]
116	6, 5, 4, 3, 1  중에서 서로 다른 숫자 3개를 뽑아 만들 수 있는 가장 큰 세 자리 수를 구하시오.	l = sorted([6, 5, <정수3, 3, 1]\nprint(l[-1] * 100 + l[-2]) * 10 + l[-3]
117	1, 6, 5, 7, 8  중에서 서로 다른 숫자 3개를 뽑아 만들 수 있는 가장 큰 세 자리 수를 구하시오.	l = sorted([1, 6, <정수3, 7, 8]\nprint(l[-1] * 100 + l[-2]) * 10 + l[-3]
118	9, 8, 3, 1, 4  중에서 서로 다른 숫자 3개를 뽑아 만들 수 있는 가장 큰 세 자리 수를 구하시오.	l = sorted([9, 8, <정수3, 1, 4]\nprint(l[-1] * 100 + l[-2]) * 10 + l[-3]
119	3, 6, 4, 8, 2  중에서 서로 다른 숫자 3개를 뽑아 만들 수 있는 가장 큰 세 자리 수를 구하시오.	l = sorted([3, 6, <정수3, 8, 2]\nprint(l[-1] * 100 + l[-2]) * 10 + l[-3]
120	3, 8, 7, 5, 9  중에서 서로 다른 숫자 3개를 뽑아 만들 수 있는 가장 큰 세 자리 수를 구하시오.	l = sorted([3, 8, <정수3, 5, 9]\nprint(l[-1] * 100 + l[-2]) * 10 + l[-3]
121	8, 4, 5, 7, 3  중에서 서로 다른 숫자 3개를 뽑아 만들 수 있는 가장 큰 세 자리 수를 구하시오.	l = sorted([8, 4, <정수3, 7, 3]\nprint(l[-1] * 100 + l[-2]) * 10 + l[-3]
122	9, 7, 2, 3, 6  중에서 서로 다른 숫자 3개를 뽑아 만들 수 있는 가장 큰 세 자리 수를 구하시오.	l = sorted([9, 7, <정수3, 3, 6]\nprint(l[-1] * 100 + l[-2]) * 10 + l[-3]
123	7, 3, 9, 5, 8  중에서 서로 다른 숫자 3개를 뽑아 만들 수 있는 가장 큰 세 자리 수를 구하시오.	l = sorted([7, 3, <정수3, 5, 8]\nprint(l[-1] * 100 + l[-2]) * 10 + l[-3]
124	6, 5, 3, 9, 1  중에서 서로 다른 숫자 3개를 뽑아 만들 수 있는 가장 큰 세 자리 수를 구하시오.	l = sorted([6, 5, <정수3, 9, 1]\nprint(l[-1] * 100 + l[-2]) * 10 + l[-3]
125	9, 1, 2, 7 중에서 서로 다른 숫자 2개를 뽑아 만들 수 있는 두 자리 수 중에서 가장 큰 수와 가장 작은 수의 차를 구하시오.	l = sorted([9, 1, 2, 7]\na = l[-1] * 10 + l[-2]\nb = l[0] * 10 + l[1]\nprint(a - b
126	1, 6, 9, 4 중에서 서로 다른 숫자 2개를 뽑아 만들 수 있는 두 자리 수 중에서 가장 큰 수와 가장 작은 수의 차를 구하시오.	l = sorted([1, 6, 9, 4]\na = l[-1] * 10 + l[-2]\nb = l[0] * 10 + l[1]\nprint(a - b
127	5, 8, 2, 7 중에서 서로 다른 숫자 2개를 뽑아 만들 수 있는 두 자리 수 중에서 가장 큰 수와 가장 작은 수의 차를 구하시오.	l = sorted([5, 8, 2, 7]\na = l[-1] * 10 + l[-2]\nb = l[0] * 10 + l[1]\nprint(a - b
128	6, 4, 8, 2 중에서 서로 다른 숫자 2개를 뽑아 만들 수 있는 두 자리 수 중에서 가장 큰 수와 가장 작은 수의 차를 구하시오.	l = sorted([6, 4, 8, 2]\na = l[-1] * 10 + l[-2]\nb = l[0] * 10 + l[1]\nprint(a - b
129	8, 4, 6, 7 중에서 서로 다른 숫자 2개를 뽑아 만들 수 있는 두 자리 수 중에서 가장 큰 수와 가장 작은 수의 차를 구하시오.	l = sorted([8, 4, 6, 7]\na = l[-1] * 10 + l[-2]\nb = l[0] * 10 + l[1]\nprint(a - b
130	8, 6, 4, 7 중에서 서로 다른 숫자 3개를 뽑아 만들 수 있는 세 자리 수 중에서 가장 큰 수와 가장 작은 수의 합를 구하시오.	l = sorted([8, 6, 4, 7]\na = l[-1] * 100 + l[-2] * 10 + l[-3]\nb = l[0] * 100  + l[1] * 10 + l[2]\nprint(a + b
131	2, 1, 6, 9 중에서 서로 다른 숫자 3개를 뽑아 만들 수 있는 세 자리 수 중에서 가장 큰 수와 가장 작은 수의 합를 구하시오.	l = sorted([2, 1, 6, 9]\na = l[-1] * 100 + l[-2] * 10 + l[-3]\nb = l[0] * 100  + l[1] * 10 + l[2]\nprint(a + b
132	1, 2, 5, 7 중에서 서로 다른 숫자 3개를 뽑아 만들 수 있는 세 자리 수 중에서 가장 큰 수와 가장 작은 수의 합를 구하시오.	l = sorted([1, 2, 5, 7]\na = l[-1] * 100 + l[-2] * 10 + l[-3]\nb = l[0] * 100  + l[1] * 10 + l[2]\nprint(a + b
133	3, 8, 5, 1 중에서 서로 다른 숫자 3개를 뽑아 만들 수 있는 세 자리 수 중에서 가장 큰 수와 가장 작은 수의 합를 구하시오.	l = sorted([3, 8, 5, 1]\na = l[-1] * 100 + l[-2] * 10 + l[-3]\nb = l[0] * 100  + l[1] * 10 + l[2]\nprint(a + b
134	3, 7, 4, 5 중에서 서로 다른 숫자 3개를 뽑아 만들 수 있는 세 자리 수 중에서 가장 큰 수와 가장 작은 수의 합를 구하시오.	l = sorted([3, 7, 4, 5]\na = l[-1] * 100 + l[-2] * 10 + l[-3]\nb = l[0] * 100  + l[1] * 10 + l[2]\nprint(a + b
135	8부터 7까지 자연수를 쓰려고 합니다. 숫자 3는 모두 몇 번 써야 합니까?	count = 0\nfor i in range(8, 7+1):\n    count += str(i).count('정수3>')\nprint(count)
136	7부터 6까지 자연수를 쓰려고 합니다. 숫자 8는 모두 몇 번 써야 합니까?	count = 0\nfor i in range(7, 6+1):\n    count += str(i).count('정수3>')\nprint(count)
137	8부터 2까지 자연수를 쓰려고 합니다. 숫자 7는 모두 몇 번 써야 합니까?	count = 0\nfor i in range(8, 2+1):\n    count += str(i).count('정수3>')\nprint(count)
138	4부터 6까지 자연수를 쓰려고 합니다. 숫자 9는 모두 몇 번 써야 합니까?	count = 0\nfor i in range(4, 6+1):\n    count += str(i).count('정수3>')\nprint(count)
139	9부터 4까지 자연수를 쓰려고 합니다. 숫자 3는 모두 몇 번 써야 합니까?	count = 0\nfor i in range(9, 4+1):\n    count += str(i).count('정수3>')\nprint(count)
140	0, 9, 4, 5, 6 중 서로 다른 2개의 숫자를 뽑아서 두 자리 수를 만들려고 합니다. 만들 수 있는 두 자리 수는 모두 몇 개입니까?	x = sorted(combinations(sorted([0,9,4,5,6]),2))\na = len(x) * 2\ny = sorted(combinations(sorted([9,4,5,6]),1))nb = len(y)\nprint(a - b)
141	0, 7, 6, 5, 9 중 서로 다른 2개의 숫자를 뽑아서 두 자리 수를 만들려고 합니다. 만들 수 있는 두 자리 수는 모두 몇 개입니까?	x = sorted(combinations(sorted([0,7,6,5,9]),2))\na = len(x) * 2\ny = sorted(combinations(sorted([7,6,5,9]),1))nb = len(y)\nprint(a - b)
142	0, 4, 2, 1, 9 중 서로 다른 2개의 숫자를 뽑아서 두 자리 수를 만들려고 합니다. 만들 수 있는 두 자리 수는 모두 몇 개입니까?	x = sorted(combinations(sorted([0,4,2,1,9]),2))\na = len(x) * 2\ny = sorted(combinations(sorted([4,2,1,9]),1))nb = len(y)\nprint(a - b)
143	0, 4, 7, 9, 5 중 서로 다른 2개의 숫자를 뽑아서 두 자리 수를 만들려고 합니다. 만들 수 있는 두 자리 수는 모두 몇 개입니까?	x = sorted(combinations(sorted([0,4,7,9,5]),2))\na = len(x) * 2\ny = sorted(combinations(sorted([4,7,9,5]),1))nb = len(y)\nprint(a - b)
144	0, 9, 3, 7, 6 중 서로 다른 2개의 숫자를 뽑아서 두 자리 수를 만들려고 합니다. 만들 수 있는 두 자리 수는 모두 몇 개입니까?	x = sorted(combinations(sorted([0,9,3,7,6]),2))\na = len(x) * 2\ny = sorted(combinations(sorted([9,3,7,6]),1))nb = len(y)\nprint(a - b)
145	10보다 작은 자연수 중에서 서로 다른 세 수를 동시에 뽑으려고 합니다. 세 수의 합이 9인 경우의 수를 구하시오.	count = 0\nx = combinations([i for i in range(1,10)], 3)\nfor i in x:\n    if i[0] + i[1] + i[2] == 9:\n        count +=1\nprint(count)
146	10보다 작은 자연수 중에서 서로 다른 세 수를 동시에 뽑으려고 합니다. 세 수의 합이 5인 경우의 수를 구하시오.	count = 0\nx = combinations([i for i in range(1,10)], 3)\nfor i in x:\n    if i[0] + i[1] + i[2] == 5:\n        count +=1\nprint(count)
147	10보다 작은 자연수 중에서 서로 다른 세 수를 동시에 뽑으려고 합니다. 세 수의 합이 20인 경우의 수를 구하시오.	count = 0\nx = combinations([i for i in range(1,10)], 3)\nfor i in x:\n    if i[0] + i[1] + i[2] == 20:\n        count +=1\nprint(count)
148	10보다 작은 자연수 중에서 서로 다른 세 수를 동시에 뽑으려고 합니다. 세 수의 합이 19인 경우의 수를 구하시오.	count = 0\nx = combinations([i for i in range(1,10)], 3)\nfor i in x:\n    if i[0] + i[1] + i[2] == 19:\n        count +=1\nprint(count)
149	10보다 작은 자연수 중에서 서로 다른 세 수를 동시에 뽑으려고 합니다. 세 수의 합이 9인 경우의 수를 구하시오.	count = 0\nx = combinations([i for i in range(1,10)], 3)\nfor i in x:\n    if i[0] + i[1] + i[2] == 9:\n        count +=1\nprint(count)
150	10보다 작은 자연수 중에서 서로 다른 두 수를 동시에 뽑으려고 합니다. 두 수의 합이 2인 경우의 수를 구하시오.	count = 0\nx = combinations([i for i in range(1,10)], 2)\nfor i in x:\n    if i[0] + i[1] == 2:\n        count +=1\nprint(count)
151	10보다 작은 자연수 중에서 서로 다른 두 수를 동시에 뽑으려고 합니다. 두 수의 합이 8인 경우의 수를 구하시오.	count = 0\nx = combinations([i for i in range(1,10)], 2)\nfor i in x:\n    if i[0] + i[1] == 8:\n        count +=1\nprint(count)
152	10보다 작은 자연수 중에서 서로 다른 두 수를 동시에 뽑으려고 합니다. 두 수의 합이 9인 경우의 수를 구하시오.	count = 0\nx = combinations([i for i in range(1,10)], 2)\nfor i in x:\n    if i[0] + i[1] == 9:\n        count +=1\nprint(count)
153	10보다 작은 자연수 중에서 서로 다른 두 수를 동시에 뽑으려고 합니다. 두 수의 합이 3인 경우의 수를 구하시오.	count = 0\nx = combinations([i for i in range(1,10)], 2)\nfor i in x:\n    if i[0] + i[1] == 3:\n        count +=1\nprint(count)
154	10보다 작은 자연수 중에서 서로 다른 두 수를 동시에 뽑으려고 합니다. 두 수의 합이 9인 경우의 수를 구하시오.	count = 0\nx = combinations([i for i in range(1,10)], 2)\nfor i in x:\n    if i[0] + i[1] == 9:\n        count +=1\nprint(count)
155	20, 78, 65, 26가 있습니다. 그중에서 가장 큰 수에서 가장 작은 수를 뺀 값은 얼마입니까?	l = [20, 78, 65, 26]\na = sorted(l)[-1]\nb = sorted(l[0])\nprint(a - b)
156	4, 52, 37, 92가 있습니다. 그중에서 가장 큰 수에서 가장 작은 수를 뺀 값은 얼마입니까?	l = [4, 52, 37, 92]\na = sorted(l)[-1]\nb = sorted(l[0])\nprint(a - b)
157	15, 85, 38, 98가 있습니다. 그중에서 가장 큰 수에서 가장 작은 수를 뺀 값은 얼마입니까?	l = [15, 85, 38, 98]\na = sorted(l)[-1]\nb = sorted(l[0])\nprint(a - b)
158	50, 2, 58, 74가 있습니다. 그중에서 가장 큰 수에서 가장 작은 수를 뺀 값은 얼마입니까?	l = [50, 2, 58, 74]\na = sorted(l)[-1]\nb = sorted(l[0])\nprint(a - b)
159	50, 14, 73, 30가 있습니다. 그중에서 가장 큰 수에서 가장 작은 수를 뺀 값은 얼마입니까?	l = [50, 14, 73, 30]\na = sorted(l)[-1]\nb = sorted(l[0])\nprint(a - b)
160	82, 94, 88, 83가 있습니다. 그중에서 가장 큰 수와 가장 작은 수를 더한 값은 얼마입니까?	l = [82, 94, 88, 83]\na = sorted(l)[-1]\nb = sorted(l[0])\nprint(a + b)
161	93, 29, 49, 23가 있습니다. 그중에서 가장 큰 수와 가장 작은 수를 더한 값은 얼마입니까?	l = [93, 29, 49, 23]\na = sorted(l)[-1]\nb = sorted(l[0])\nprint(a + b)
162	8, 61, 64, 80가 있습니다. 그중에서 가장 큰 수와 가장 작은 수를 더한 값은 얼마입니까?	l = [8, 61, 64, 80]\na = sorted(l)[-1]\nb = sorted(l[0])\nprint(a + b)
163	85, 97, 92, 30가 있습니다. 그중에서 가장 큰 수와 가장 작은 수를 더한 값은 얼마입니까?	l = [85, 97, 92, 30]\na = sorted(l)[-1]\nb = sorted(l[0])\nprint(a + b)
164	88, 67, 17, 82가 있습니다. 그중에서 가장 큰 수와 가장 작은 수를 더한 값은 얼마입니까?	l = [88, 67, 17, 82]\na = sorted(l)[-1]\nb = sorted(l[0])\nprint(a + b)
165	0, 5, 7, 1 중에서 서로 다른 숫자 3개를 뽑아 만들 수 있는 세 자리 수 중에서 가장 작은 수를 쓰시오.	l = sorted([5, 7, 1])\nprint(l[0] * 100 + l[1])
166	0, 4, 9, 3 중에서 서로 다른 숫자 3개를 뽑아 만들 수 있는 세 자리 수 중에서 가장 작은 수를 쓰시오.	l = sorted([4, 9, 3])\nprint(l[0] * 100 + l[1])
167	0, 1, 2, 4 중에서 서로 다른 숫자 3개를 뽑아 만들 수 있는 세 자리 수 중에서 가장 작은 수를 쓰시오.	l = sorted([1, 2, 4])\nprint(l[0] * 100 + l[1])
168	0, 8, 4, 6 중에서 서로 다른 숫자 3개를 뽑아 만들 수 있는 세 자리 수 중에서 가장 작은 수를 쓰시오.	l = sorted([8, 4, 6])\nprint(l[0] * 100 + l[1])
169	0, 1, 3, 4 중에서 서로 다른 숫자 3개를 뽑아 만들 수 있는 세 자리 수 중에서 가장 작은 수를 쓰시오.	l = sorted([1, 3, 4])\nprint(l[0] * 100 + l[1])
170	0, 5, 9, 6, 4 중에서 서로 다른 숫자 4개를 뽑아 만들 수 있는 네 자리 수 중에서 가장 작은 수를 쓰시오.	l = sorted([5, 9, 6, 4])\nprint(l[0] * 1000 + l[1] * 10 + l[2])
171	0, 4, 7, 2, 3 중에서 서로 다른 숫자 4개를 뽑아 만들 수 있는 네 자리 수 중에서 가장 작은 수를 쓰시오.	l = sorted([4, 7, 2, 3])\nprint(l[0] * 1000 + l[1] * 10 + l[2])
172	0, 1, 2, 4, 6 중에서 서로 다른 숫자 4개를 뽑아 만들 수 있는 네 자리 수 중에서 가장 작은 수를 쓰시오.	l = sorted([1, 2, 4, 6])\nprint(l[0] * 1000 + l[1] * 10 + l[2])
173	0, 7, 2, 4, 5 중에서 서로 다른 숫자 4개를 뽑아 만들 수 있는 네 자리 수 중에서 가장 작은 수를 쓰시오.	l = sorted([7, 2, 4, 5])\nprint(l[0] * 1000 + l[1] * 10 + l[2])
174	0, 5, 2, 9, 4 중에서 서로 다른 숫자 4개를 뽑아 만들 수 있는 네 자리 수 중에서 가장 작은 수를 쓰시오.	l = sorted([5, 2, 9, 4])\nprint(l[0] * 1000 + l[1] * 10 + l[2])
175	5개의 수 1.4, 9/10, 1, 0.5, 13/10이 있습니다. 이 중에서 1보다 큰 수는 모두 몇 개입니까?	l1 = [1.4, 9/10, 1, 0.5, 13/10]\l2 = filter(lambda x:x>1, l1)\nprint(len(l2)
176	5개의 수 1.4, 9/10, 1, 0.5, 13/10이 있습니다. 이 중에서 1보다 큰 수는 모두 몇 개입니까?	l1 = [1.4, 9/10, 1, 0.5, 13/10]\l2 = filter(lambda x:x>1, l1)\nprint(len(l2)
177	5개의 수 1.4, 9/10, 1, 0.5, 13/10이 있습니다. 이 중에서 1보다 큰 수는 모두 몇 개입니까?	l1 = [1.4, 9/10, 1, 0.5, 13/10]\l2 = filter(lambda x:x>1, l1)\nprint(len(l2)
178	5개의 수 1.4, 9/10, 1, 0.5, 13/10이 있습니다. 이 중에서 1보다 큰 수는 모두 몇 개입니까?	l1 = [1.4, 9/10, 1, 0.5, 13/10]\l2 = filter(lambda x:x>1, l1)\nprint(len(l2)
179	5개의 수 1.4, 9/10, 1, 0.5, 13/10이 있습니다. 이 중에서 1보다 큰 수는 모두 몇 개입니까?	l1 = [1.4, 9/10, 1, 0.5, 13/10]\l2 = filter(lambda x:x>1, l1)\nprint(len(l2)
180	5개의 수 6/5, 0.84, 1.3, 8/6, 0.06이 있습니다. 이 중에서 1.5보다 큰 수는 모두 몇 개입니까?	l1 = [6/5, 0.84, 1.3, 8/6, 0.06]\l2 = filter(lambda x:x>1.5, l1)\nprint(len(l2)
181	5개의 수 6/5, 0.84, 1.3, 8/6, 0.06이 있습니다. 이 중에서 1.5보다 큰 수는 모두 몇 개입니까?	l1 = [6/5, 0.84, 1.3, 8/6, 0.06]\l2 = filter(lambda x:x>1.5, l1)\nprint(len(l2)
182	5개의 수 6/5, 0.84, 1.3, 8/6, 0.06이 있습니다. 이 중에서 1.5보다 큰 수는 모두 몇 개입니까?	l1 = [6/5, 0.84, 1.3, 8/6, 0.06]\l2 = filter(lambda x:x>1.5, l1)\nprint(len(l2)
183	5개의 수 6/5, 0.84, 1.3, 8/6, 0.06이 있습니다. 이 중에서 1.5보다 큰 수는 모두 몇 개입니까?	l1 = [6/5, 0.84, 1.3, 8/6, 0.06]\l2 = filter(lambda x:x>1.5, l1)\nprint(len(l2)
184	5개의 수 6/5, 0.84, 1.3, 8/6, 0.06이 있습니다. 이 중에서 1.5보다 큰 수는 모두 몇 개입니까?	l1 = [6/5, 0.84, 1.3, 8/6, 0.06]\l2 = filter(lambda x:x>1.5, l1)\nprint(len(l2)
185	남준가 책을 펼쳤는데 두 쪽수의 합이 79이었습니다. 남준가 펼친 두 쪽수중 큰 수를 쓰시오.	(79 + 1) / 2
186	할머니가 책을 펼쳤는데 두 쪽수의 합이 100이었습니다. 할머니가 펼친 두 쪽수중 큰 수를 쓰시오.	(100 + 1) / 2
187	윤기가 책을 펼쳤는데 두 쪽수의 합이 82이었습니다. 윤기가 펼친 두 쪽수중 큰 수를 쓰시오.	(82 + 1) / 2
188	남준가 책을 펼쳤는데 두 쪽수의 합이 49이었습니다. 남준가 펼친 두 쪽수중 큰 수를 쓰시오.	(49 + 1) / 2
189	아버지가 책을 펼쳤는데 두 쪽수의 합이 54이었습니다. 아버지가 펼친 두 쪽수중 큰 수를 쓰시오.	(54 + 1) / 2
190	은지가 책을 펼쳤는데 두 쪽수의 합이 38이었습니다. 은지가 펼친 두 쪽수중 작은 수를 쓰시오.	(38 - 1) / 2
191	조카가 책을 펼쳤는데 두 쪽수의 합이 41이었습니다. 조카가 펼친 두 쪽수중 작은 수를 쓰시오.	(41 - 1) / 2
192	정국가 책을 펼쳤는데 두 쪽수의 합이 56이었습니다. 정국가 펼친 두 쪽수중 작은 수를 쓰시오.	(56 - 1) / 2
193	민영가 책을 펼쳤는데 두 쪽수의 합이 89이었습니다. 민영가 펼친 두 쪽수중 작은 수를 쓰시오.	(89 - 1) / 2
194	어머니가 책을 펼쳤는데 두 쪽수의 합이 89이었습니다. 어머니가 펼친 두 쪽수중 작은 수를 쓰시오.	(89 - 1) / 2
195	어떤 소수의 소수점을 왼쪽으로 두 자리 옮기면 원래의 소수보다 0.051만큼작아집니다. 원래의 소수를 구하시오.	0.051 / (1 - math.pow(0.1, 2))
196	어떤 소수의 소수점을 왼쪽으로 두 자리 옮기면 원래의 소수보다 0.051만큼작아집니다. 원래의 소수를 구하시오.	0.051 / (1 - math.pow(0.1, 2))
197	어떤 소수의 소수점을 왼쪽으로 두 자리 옮기면 원래의 소수보다 1.64만큼작아집니다. 원래의 소수를 구하시오.	1.64 / (1 - math.pow(0.1, 2))
198	어떤 소수의 소수점을 왼쪽으로 두 자리 옮기면 원래의 소수보다 1.6만큼작아집니다. 원래의 소수를 구하시오.	1.6 / (1 - math.pow(0.1, 2))
199	어떤 소수의 소수점을 왼쪽으로 두 자리 옮기면 원래의 소수보다 1.51만큼작아집니다. 원래의 소수를 구하시오.	1.51 / (1 - math.pow(0.1, 2))
200	어떤 소수의 소수점을 왼쪽으로 세 자리 옮기면 원래의 소수보다 1.6만큼작아집니다. 원래의 소수를 구하시오.	1.6 / (1 - math.pow(0.1, 3))
201	어떤 소수의 소수점을 왼쪽으로 세 자리 옮기면 원래의 소수보다 0.36만큼작아집니다. 원래의 소수를 구하시오.	0.36 / (1 - math.pow(0.1, 3))
202	어떤 소수의 소수점을 왼쪽으로 세 자리 옮기면 원래의 소수보다 6.516만큼작아집니다. 원래의 소수를 구하시오.	6.516 / (1 - math.pow(0.1, 3))
203	어떤 소수의 소수점을 왼쪽으로 세 자리 옮기면 원래의 소수보다 1.12만큼작아집니다. 원래의 소수를 구하시오.	1.12 / (1 - math.pow(0.1, 3))
204	어떤 소수의 소수점을 왼쪽으로 세 자리 옮기면 원래의 소수보다 0.36만큼작아집니다. 원래의 소수를 구하시오.	0.36 / (1 - math.pow(0.1, 3))
205	A, B는 한 자리 수입니다. A는 3보다 9 큰 수이고, B보다 4 작은 수는 5입니다. A와 B의 합을 구하시오.	3 + 9 + 4 + 5
206	A, B는 한 자리 수입니다. A는 7보다 10 큰 수이고, B보다 2 작은 수는 3입니다. A와 B의 합을 구하시오.	7 + 10 + 2 + 3
207	A, B는 한 자리 수입니다. A는 1보다 8 큰 수이고, B보다 7 작은 수는 3입니다. A와 B의 합을 구하시오.	1 + 8 + 7 + 3
208	A, B는 한 자리 수입니다. A는 10보다 2 큰 수이고, B보다 9 작은 수는 8입니다. A와 B의 합을 구하시오.	10 + 2 + 9 + 8
209	A, B는 한 자리 수입니다. A는 8보다 5 큰 수이고, B보다 3 작은 수는 4입니다. A와 B의 합을 구하시오.	8 + 5 + 3 + 4
210	서로 다른 두 수 A, B가 있습니다. 두 자리 수끼리의 뺄셈식 10A-B7=52에서 A와 B의 합을 구하시오.	2 + 7 + 5 + 10
211	서로 다른 두 수 A, B가 있습니다. 두 자리 수끼리의 뺄셈식 9A-B4=810에서 A와 B의 합을 구하시오.	10 + 4 + 8 + 9
212	서로 다른 두 수 A, B가 있습니다. 두 자리 수끼리의 뺄셈식 8A-B3=79에서 A와 B의 합을 구하시오.	9 + 3 + 7 + 8
213	서로 다른 두 수 A, B가 있습니다. 두 자리 수끼리의 뺄셈식 5A-B3=17에서 A와 B의 합을 구하시오.	7 + 3 + 1 + 5
214	서로 다른 두 수 A, B가 있습니다. 두 자리 수끼리의 뺄셈식 3A-B8=110에서 A와 B의 합을 구하시오.	10 + 8 + 1 + 3
215	서로 다른 네 수 A, B, C, D가 있습니다. 세 자리 수끼리의 덧셈식 7A4+B6C=D29에서 D를 구하시오.	2
216	서로 다른 네 수 A, B, C, D가 있습니다. 세 자리 수끼리의 덧셈식 7A4+B6C=D29에서 D를 구하시오.	2
217	서로 다른 네 수 A, B, C, D가 있습니다. 세 자리 수끼리의 덧셈식 7A4+B6C=D29에서 D를 구하시오.	2
218	서로 다른 네 수 A, B, C, D가 있습니다. 세 자리 수끼리의 덧셈식 7A4+B6C=D29에서 D를 구하시오.	2
219	서로 다른 네 수 A, B, C, D가 있습니다. 세 자리 수끼리의 덧셈식 7A4+B6C=D29에서 D를 구하시오.	2
220	서로 다른 두 자연수 A, B가 있습니다. A를 2로 나누면 몫은 17이고 나머지는 B가 됩니다. 나머지 B가 가장 큰 수일 때 A를 구하시오.	2 * 17 + 2 - 1
221	서로 다른 두 자연수 A, B가 있습니다. A를 13로 나누면 몫은 20이고 나머지는 B가 됩니다. 나머지 B가 가장 큰 수일 때 A를 구하시오.	13 * 20 + 13 - 1
222	서로 다른 두 자연수 A, B가 있습니다. A를 16로 나누면 몫은 29이고 나머지는 B가 됩니다. 나머지 B가 가장 큰 수일 때 A를 구하시오.	16 * 29 + 16 - 1
223	서로 다른 두 자연수 A, B가 있습니다. A를 9로 나누면 몫은 27이고 나머지는 B가 됩니다. 나머지 B가 가장 큰 수일 때 A를 구하시오.	9 * 27 + 9 - 1
224	서로 다른 두 자연수 A, B가 있습니다. A를 9로 나누면 몫은 3이고 나머지는 B가 됩니다. 나머지 B가 가장 큰 수일 때 A를 구하시오.	9 * 3 + 9 - 1
225	네 자리 수 6A42를 백의 자리에서 반올림하면 6000이 됩니다. 0부터 9까지의 숫자 중 A에 쓸 수 있는 숫자는 모두 몇 개입니까?	9-5+1
226	네 자리 수 6A42를 백의 자리에서 반올림하면 6000이 됩니다. 0부터 9까지의 숫자 중 A에 쓸 수 있는 숫자는 모두 몇 개입니까?	9-5+1
227	네 자리 수 6A42를 백의 자리에서 반올림하면 6000이 됩니다. 0부터 9까지의 숫자 중 A에 쓸 수 있는 숫자는 모두 몇 개입니까?	9-5+1
228	네 자리 수 6A42를 백의 자리에서 반올림하면 6000이 됩니다. 0부터 9까지의 숫자 중 A에 쓸 수 있는 숫자는 모두 몇 개입니까?	9-5+1
229	네 자리 수 6A42를 백의 자리에서 반올림하면 6000이 됩니다. 0부터 9까지의 숫자 중 A에 쓸 수 있는 숫자는 모두 몇 개입니까?	9-5+1
230	어떤 수에서 29을 뺐더니 25가 되었습니다. 어떤 수를 구하시오.	25 + 29
231	어떤 수에서 16을 뺐더니 4가 되었습니다. 어떤 수를 구하시오.	4 + 16
232	어떤 수에서 7을 뺐더니 24가 되었습니다. 어떤 수를 구하시오.	24 + 7
233	어떤 수에서 6을 뺐더니 8가 되었습니다. 어떤 수를 구하시오.	8 + 6
234	어떤 수에서 13을 뺐더니 3가 되었습니다. 어떤 수를 구하시오.	3 + 13
235	어떤 수에서 27을 더했더니 14가 되었습니다. 어떤 수를 구하시오.	14 - 27
236	어떤 수에서 5을 더했더니 10가 되었습니다. 어떤 수를 구하시오.	10 - 5
237	어떤 수에서 8을 더했더니 6가 되었습니다. 어떤 수를 구하시오.	6 - 8
238	어떤 수에서 29을 더했더니 18가 되었습니다. 어떤 수를 구하시오.	18 - 29
239	어떤 수에서 30을 더했더니 11가 되었습니다. 어떤 수를 구하시오.	11 - 30
240	어떤 수에서 19을 곱했더니 13가 되었습니다. 어떤 수를 구하시오.	13 / 19
241	어떤 수에서 5을 곱했더니 10가 되었습니다. 어떤 수를 구하시오.	10 / 5
242	어떤 수에서 13을 곱했더니 2가 되었습니다. 어떤 수를 구하시오.	2 / 13
243	어떤 수에서 4을 곱했더니 8가 되었습니다. 어떤 수를 구하시오.	8 / 4
244	어떤 수에서 19을 곱했더니 20가 되었습니다. 어떤 수를 구하시오.	20 / 19
245	어떤 수에서 2을 나누었더니 10가 되었습니다. 어떤 수를 구하시오.	10 * 2
246	어떤 수에서 13을 나누었더니 8가 되었습니다. 어떤 수를 구하시오.	8 * 13
247	어떤 수에서 5을 나누었더니 10가 되었습니다. 어떤 수를 구하시오.	10 * 5
248	어떤 수에서 12을 나누었더니 9가 되었습니다. 어떤 수를 구하시오.	9 * 12
249	어떤 수에서 1을 나누었더니 5가 되었습니다. 어떤 수를 구하시오.	5 * 1
250	어떤 수에서 47을 빼야 하는데 잘못하여 10를 뺐더니 25이 되었습니다. 바르게 계산한 결과를 구하시오.	25 + 10 - 47
251	어떤 수에서 44을 빼야 하는데 잘못하여 34를 뺐더니 37이 되었습니다. 바르게 계산한 결과를 구하시오.	37 + 34 - 44
252	어떤 수에서 5을 빼야 하는데 잘못하여 31를 뺐더니 34이 되었습니다. 바르게 계산한 결과를 구하시오.	34 + 31 - 5
253	어떤 수에서 31을 빼야 하는데 잘못하여 6를 뺐더니 9이 되었습니다. 바르게 계산한 결과를 구하시오.	9 + 6 - 31
254	어떤 수에서 37을 빼야 하는데 잘못하여 31를 뺐더니 3이 되었습니다. 바르게 계산한 결과를 구하시오.	3 + 31 - 37
255	어떤 수에서 19을 더해야 하는데 잘못하여 36를 더했더니 22이 되었습니다. 바르게 계산한 결과를 구하시오.	22 - 36 + 19
256	어떤 수에서 2을 더해야 하는데 잘못하여 37를 더했더니 17이 되었습니다. 바르게 계산한 결과를 구하시오.	17 - 37 + 2
257	어떤 수에서 15을 더해야 하는데 잘못하여 38를 더했더니 22이 되었습니다. 바르게 계산한 결과를 구하시오.	22 - 38 + 15
258	어떤 수에서 40을 더해야 하는데 잘못하여 24를 더했더니 20이 되었습니다. 바르게 계산한 결과를 구하시오.	20 - 24 + 40
259	어떤 수에서 41을 더해야 하는데 잘못하여 46를 더했더니 6이 되었습니다. 바르게 계산한 결과를 구하시오.	6 - 46 + 41
260	두 자리 수끼리의 곱셈에서 곱하는 수의 십의 자리 숫자 2를 6으로 잘못 보고 계산한 값이 2432가 되었습니다. 바르게 계산한 값이 912일 때, 2개의 두 자리 수 중 더 작은 수를 쓰시오.	<정수3> + <정수2> - <정수1>
261	두 자리 수끼리의 곱셈에서 곱하는 수의 십의 자리 숫자 2를 6으로 잘못 보고 계산한 값이 2432가 되었습니다. 바르게 계산한 값이 912일 때, 2개의 두 자리 수 중 더 작은 수를 쓰시오.	<정수3> + <정수2> - <정수1>
262	두 자리 수끼리의 곱셈에서 곱하는 수의 십의 자리 숫자 2를 6으로 잘못 보고 계산한 값이 2432가 되었습니다. 바르게 계산한 값이 912일 때, 2개의 두 자리 수 중 더 작은 수를 쓰시오.	<정수3> + <정수2> - <정수1>
263	두 자리 수끼리의 곱셈에서 곱하는 수의 십의 자리 숫자 2를 6으로 잘못 보고 계산한 값이 2432가 되었습니다. 바르게 계산한 값이 912일 때, 2개의 두 자리 수 중 더 작은 수를 쓰시오.	<정수3> + <정수2> - <정수1>
264	두 자리 수끼리의 곱셈에서 곱하는 수의 십의 자리 숫자 2를 6으로 잘못 보고 계산한 값이 2432가 되었습니다. 바르게 계산한 값이 912일 때, 2개의 두 자리 수 중 더 작은 수를 쓰시오.	<정수3> + <정수2> - <정수1>
265	어떤 수에 47를 더한 후 47를 곱하고, 9를 뺀 값을 9로 나누2713이 됩니다. 어떤 수를 구하시오.	(27 * 9 + 9) / 47 - 47
266	어떤 수에 14를 더한 후 14를 곱하고, 37를 뺀 값을 37로 나누1913이 됩니다. 어떤 수를 구하시오.	(19 * 37 + 37) / 14 - 14
267	어떤 수에 11를 더한 후 11를 곱하고, 8를 뺀 값을 8로 나누3913이 됩니다. 어떤 수를 구하시오.	(39 * 8 + 8) / 11 - 11
268	어떤 수에 46를 더한 후 46를 곱하고, 26를 뺀 값을 26로 나누4913이 됩니다. 어떤 수를 구하시오.	(49 * 26 + 26) / 46 - 46
269	어떤 수에 26를 더한 후 26를 곱하고, 8를 뺀 값을 8로 나누4313이 됩니다. 어떤 수를 구하시오.	(43 * 8 + 8) / 26 - 26
270	23에 어떤 수를 곱해야 하는데 잘못하여 어떤 수를 23로 나누었더니 11이 되었습니다. 바르게 계산한 결과를 구하시오.	23 * 11 * 23
271	30에 어떤 수를 곱해야 하는데 잘못하여 어떤 수를 30로 나누었더니 17이 되었습니다. 바르게 계산한 결과를 구하시오.	30 * 17 * 30
272	15에 어떤 수를 곱해야 하는데 잘못하여 어떤 수를 15로 나누었더니 45이 되었습니다. 바르게 계산한 결과를 구하시오.	15 * 45 * 15
273	37에 어떤 수를 곱해야 하는데 잘못하여 어떤 수를 37로 나누었더니 18이 되었습니다. 바르게 계산한 결과를 구하시오.	37 * 18 * 37
274	26에 어떤 수를 곱해야 하는데 잘못하여 어떤 수를 26로 나누었더니 23이 되었습니다. 바르게 계산한 결과를 구하시오.	26 * 23 * 26
275	은지이는 지우개를 7개 가지고 있습니다. 손자이는 지우개를 은지이보다 17개 더 많이 가지고 있고 할머니이는 손자이보다 6개 더 적게 가지고 있습니다. 지우개를 가장 적게 가지고 있는 사람은 누구입니까?	l = ['은지', '손자', '할머니']\nl2 = []\nl2.append(7)\nl2.append(a + 17)\nl2.append(b - 6)\nprint(l[l2.index(min(l2))])
276	윤기이는 지우개를 3개 가지고 있습니다. 형이는 지우개를 윤기이보다 9개 더 많이 가지고 있고 은지이는 형이보다 5개 더 적게 가지고 있습니다. 지우개를 가장 적게 가지고 있는 사람은 누구입니까?	l = ['윤기', '형', '은지']\nl2 = []\nl2.append(3)\nl2.append(a + 9)\nl2.append(b - 5)\nprint(l[l2.index(min(l2))])
277	어머니이는 지우개를 7개 가지고 있습니다. 유정이는 지우개를 어머니이보다 16개 더 많이 가지고 있고 오빠이는 유정이보다 19개 더 적게 가지고 있습니다. 지우개를 가장 적게 가지고 있는 사람은 누구입니까?	l = ['어머니', '유정', '오빠']\nl2 = []\nl2.append(7)\nl2.append(a + 16)\nl2.append(b - 19)\nprint(l[l2.index(min(l2))])
278	석진이는 지우개를 5개 가지고 있습니다. 손자이는 지우개를 석진이보다 14개 더 많이 가지고 있고 유나이는 손자이보다 10개 더 적게 가지고 있습니다. 지우개를 가장 적게 가지고 있는 사람은 누구입니까?	l = ['석진', '손자', '유나']\nl2 = []\nl2.append(5)\nl2.append(a + 14)\nl2.append(b - 10)\nprint(l[l2.index(min(l2))])
279	남준이는 지우개를 4개 가지고 있습니다. 정국이는 지우개를 남준이보다 16개 더 많이 가지고 있고 어머니이는 정국이보다 6개 더 적게 가지고 있습니다. 지우개를 가장 적게 가지고 있는 사람은 누구입니까?	l = ['남준', '정국', '어머니']\nl2 = []\nl2.append(4)\nl2.append(a + 16)\nl2.append(b - 6)\nprint(l[l2.index(min(l2))])
280	네 수 A, B, C, D가 있습니다. A는 10입니다. B는 A보다 14 큰 수입니다. C는 B보다 9 작은 수입니다. D는 C의 3배인 수입니다. 가장 큰 수는 어느 것입니까?	a = 10\nb = a + 14\n c = b - 9\nd = c * 3\nprint(max([a, b, c, d]))
281	네 수 A, B, C, D가 있습니다. A는 6입니다. B는 A보다 20 큰 수입니다. C는 B보다 19 작은 수입니다. D는 C의 7배인 수입니다. 가장 큰 수는 어느 것입니까?	a = 6\nb = a + 20\n c = b - 19\nd = c * 7\nprint(max([a, b, c, d]))
282	네 수 A, B, C, D가 있습니다. A는 14입니다. B는 A보다 17 큰 수입니다. C는 B보다 13 작은 수입니다. D는 C의 11배인 수입니다. 가장 큰 수는 어느 것입니까?	a = 14\nb = a + 17\n c = b - 13\nd = c * 11\nprint(max([a, b, c, d]))
283	네 수 A, B, C, D가 있습니다. A는 3입니다. B는 A보다 1 큰 수입니다. C는 B보다 16 작은 수입니다. D는 C의 12배인 수입니다. 가장 큰 수는 어느 것입니까?	a = 3\nb = a + 1\n c = b - 16\nd = c * 12\nprint(max([a, b, c, d]))
284	네 수 A, B, C, D가 있습니다. A는 19입니다. B는 A보다 13 큰 수입니다. C는 B보다 16 작은 수입니다. D는 C의 3배인 수입니다. 가장 큰 수는 어느 것입니까?	a = 19\nb = a + 13\n c = b - 16\nd = c * 3\nprint(max([a, b, c, d]))
285	호석이는 동생이보다 무겁고 누나이보다 가볍습니다. 형이는 누나이보다 무겁습니다. 4명 중 가장 가벼운 사람은 누구입니까?	print('동생')
286	어머니이는 할머니이보다 무겁고 조카이보다 가볍습니다. 태형이는 조카이보다 무겁습니다. 4명 중 가장 가벼운 사람은 누구입니까?	print('할머니')
287	유정이는 은지이보다 무겁고 언니이보다 가볍습니다. 민영이는 언니이보다 무겁습니다. 4명 중 가장 가벼운 사람은 누구입니까?	print('은지')
288	윤기이는 조카이보다 무겁고 손자이보다 가볍습니다. 태형이는 손자이보다 무겁습니다. 4명 중 가장 가벼운 사람은 누구입니까?	print('조카')
289	석진이는 지민이보다 무겁고 손녀이보다 가볍습니다. 누나이는 손녀이보다 무겁습니다. 4명 중 가장 가벼운 사람은 누구입니까?	print('지민')
290	할아버지이는 주스를 1.2l 마셨습니다. 조카는 할아버지이보다 4/3l 더 적게 마셨습니다. 할머니는 7/2l 마셨고, 유나는 할아버지이보다 1.64l 더 많이 마셨습니다. 주스를 가장 많이 마신 사람은 누구입니까?	l = ['할아버지', '조카', '할머니', '유나']\nl2 = []\nl2.append(1.2)\nl2.append(a - 4/3)\nl2.append(7/2)\nl2.append(a + 1.64)\nprint(l[l2.index(max(l2))])
291	어머니이는 주스를 1.6l 마셨습니다. 호석는 어머니이보다 4/3l 더 적게 마셨습니다. 조카는 10/4l 마셨고, 오빠는 어머니이보다 12.51l 더 많이 마셨습니다. 주스를 가장 많이 마신 사람은 누구입니까?	l = ['어머니', '호석', '조카', '오빠']\nl2 = []\nl2.append(1.6)\nl2.append(a - 4/3)\nl2.append(10/4)\nl2.append(a + 12.51)\nprint(l[l2.index(max(l2))])
292	아버지이는 주스를 1.6l 마셨습니다. 언니는 아버지이보다 9/1l 더 적게 마셨습니다. 할아버지는 11/4l 마셨고, 이모는 아버지이보다 1.12l 더 많이 마셨습니다. 주스를 가장 많이 마신 사람은 누구입니까?	l = ['아버지', '언니', '할아버지', '이모']\nl2 = []\nl2.append(1.6)\nl2.append(a - 9/1)\nl2.append(11/4)\nl2.append(a + 1.12)\nprint(l[l2.index(max(l2))])
293	동생이는 주스를 3.3l 마셨습니다. 아버지는 동생이보다 10/10l 더 적게 마셨습니다. 할아버지는 1/3l 마셨고, 삼촌는 동생이보다 6.516l 더 많이 마셨습니다. 주스를 가장 많이 마신 사람은 누구입니까?	l = ['동생', '아버지', '할아버지', '삼촌']\nl2 = []\nl2.append(3.3)\nl2.append(a - 10/10)\nl2.append(1/3)\nl2.append(a + 6.516)\nprint(l[l2.index(max(l2))])
294	어머니이는 주스를 0.36l 마셨습니다. 조카는 어머니이보다 2/6l 더 적게 마셨습니다. 언니는 5/2l 마셨고, 호석는 어머니이보다 0.5l 더 많이 마셨습니다. 주스를 가장 많이 마신 사람은 누구입니까?	l = ['어머니', '조카', '언니', '호석']\nl2 = []\nl2.append(0.36)\nl2.append(a - 2/6)\nl2.append(5/2)\nl2.append(a + 0.5)\nprint(l[l2.index(max(l2))])
295	삼각형의 변의 개수와 사각형의 변의 개수의 합을 구하시오.	3 + 4
296	삼각형의 변의 개수와 사각형의 변의 개수의 합을 구하시오.	3 + 4
297	삼각형의 변의 개수와 사각형의 변의 개수의 합을 구하시오.	3 + 4
298	삼각형의 변의 개수와 사각형의 변의 개수의 합을 구하시오.	3 + 4
299	삼각형의 변의 개수와 사각형의 변의 개수의 합을 구하시오.	3 + 4
300	오각형의 변의 개수와 육각형의 변의 개수의 합을 구하시오.	5 + 6
301	오각형의 변의 개수와 육각형의 변의 개수의 합을 구하시오.	5 + 6
302	오각형의 변의 개수와 육각형의 변의 개수의 합을 구하시오.	5 + 6
303	오각형의 변의 개수와 육각형의 변의 개수의 합을 구하시오.	5 + 6
304	오각형의 변의 개수와 육각형의 변의 개수의 합을 구하시오.	5 + 6
305	삼각형의 변의 개수와 팔각형의 변의 개수의 합을 구하시오.	3 + 8
306	삼각형의 변의 개수와 팔각형의 변의 개수의 합을 구하시오.	3 + 8
307	삼각형의 변의 개수와 팔각형의 변의 개수의 합을 구하시오.	3 + 8
308	삼각형의 변의 개수와 팔각형의 변의 개수의 합을 구하시오.	3 + 8
309	삼각형의 변의 개수와 팔각형의 변의 개수의 합을 구하시오.	3 + 8
310	한 변의 길이가 15cm인 정삼각형의 둘레는 몇 cm입니까?	15 * 3
311	한 변의 길이가 22cm인 정삼각형의 둘레는 몇 cm입니까?	22 * 3
312	한 변의 길이가 14cm인 정삼각형의 둘레는 몇 cm입니까?	14 * 3
313	한 변의 길이가 6cm인 정삼각형의 둘레는 몇 cm입니까?	6 * 3
314	한 변의 길이가 39cm인 정삼각형의 둘레는 몇 cm입니까?	39 * 3
315	한 변의 길이가 6cm인 정사각형의 둘레는 몇 cm입니까?	6 * 4
316	한 변의 길이가 4cm인 정사각형의 둘레는 몇 cm입니까?	4 * 4
317	한 변의 길이가 39cm인 정사각형의 둘레는 몇 cm입니까?	39 * 4
318	한 변의 길이가 26cm인 정사각형의 둘레는 몇 cm입니까?	26 * 4
319	한 변의 길이가 45cm인 정사각형의 둘레는 몇 cm입니까?	45 * 4
320	한 변의 길이가 5cm인 정육각형의 둘레는 몇 cm입니까?	5 * 6
321	한 변의 길이가 46cm인 정육각형의 둘레는 몇 cm입니까?	46 * 6
322	한 변의 길이가 44cm인 정육각형의 둘레는 몇 cm입니까?	44 * 6
323	한 변의 길이가 28cm인 정육각형의 둘레는 몇 cm입니까?	28 * 6
324	한 변의 길이가 2cm인 정육각형의 둘레는 몇 cm입니까?	2 * 6
325	한 변의 길이가 13cm인 정칠각형의 둘레는 몇 cm입니까?	13 * 7
326	한 변의 길이가 24cm인 정칠각형의 둘레는 몇 cm입니까?	24 * 7
327	한 변의 길이가 11cm인 정칠각형의 둘레는 몇 cm입니까?	11 * 7
328	한 변의 길이가 12cm인 정칠각형의 둘레는 몇 cm입니까?	12 * 7
329	한 변의 길이가 41cm인 정칠각형의 둘레는 몇 cm입니까?	41 * 7
330	길이가 36cm인 철사로 직사각형을 만들었더니 철사가 남지도 모자라지도 않았습니다. 직사각형의 가로 길이가 9cm일 때, 세로 길이는 몇 cm입니까?	(36 - 2 * 9) / 2
331	길이가 21cm인 철사로 직사각형을 만들었더니 철사가 남지도 모자라지도 않았습니다. 직사각형의 가로 길이가 39cm일 때, 세로 길이는 몇 cm입니까?	(21 - 2 * 39) / 2
332	길이가 25cm인 철사로 직사각형을 만들었더니 철사가 남지도 모자라지도 않았습니다. 직사각형의 가로 길이가 37cm일 때, 세로 길이는 몇 cm입니까?	(25 - 2 * 37) / 2
333	길이가 2cm인 철사로 직사각형을 만들었더니 철사가 남지도 모자라지도 않았습니다. 직사각형의 가로 길이가 48cm일 때, 세로 길이는 몇 cm입니까?	(2 - 2 * 48) / 2
334	길이가 44cm인 철사로 직사각형을 만들었더니 철사가 남지도 모자라지도 않았습니다. 직사각형의 가로 길이가 43cm일 때, 세로 길이는 몇 cm입니까?	(44 - 2 * 43) / 2
335	길이가 12cm인 철사로 직사각형을 만들었더니 철사가 남지도 모자라지도 않았습니다. 직사각형의 세로 길이가 25cm일 때, 가로 길이는 몇 cm입니까?	(12 - 2 * 25) / 2
336	길이가 17cm인 철사로 직사각형을 만들었더니 철사가 남지도 모자라지도 않았습니다. 직사각형의 세로 길이가 29cm일 때, 가로 길이는 몇 cm입니까?	(17 - 2 * 29) / 2
337	길이가 13cm인 철사로 직사각형을 만들었더니 철사가 남지도 모자라지도 않았습니다. 직사각형의 세로 길이가 43cm일 때, 가로 길이는 몇 cm입니까?	(13 - 2 * 43) / 2
338	길이가 36cm인 철사로 직사각형을 만들었더니 철사가 남지도 모자라지도 않았습니다. 직사각형의 세로 길이가 16cm일 때, 가로 길이는 몇 cm입니까?	(36 - 2 * 16) / 2
339	길이가 32cm인 철사로 직사각형을 만들었더니 철사가 남지도 모자라지도 않았습니다. 직사각형의 세로 길이가 39cm일 때, 가로 길이는 몇 cm입니까?	(32 - 2 * 39) / 2
340	한 변의 길이가 13cm인 정사각형과 둘레가 같은 정팔각형이 있습니다. 이 정팔각형의 한 변의 길이는 몇 cm입니까?	13 * 4 / 8
341	한 변의 길이가 14cm인 정사각형과 둘레가 같은 정팔각형이 있습니다. 이 정팔각형의 한 변의 길이는 몇 cm입니까?	14 * 4 / 8
342	한 변의 길이가 7cm인 정사각형과 둘레가 같은 정팔각형이 있습니다. 이 정팔각형의 한 변의 길이는 몇 cm입니까?	7 * 4 / 8
343	한 변의 길이가 13cm인 정사각형과 둘레가 같은 정팔각형이 있습니다. 이 정팔각형의 한 변의 길이는 몇 cm입니까?	13 * 4 / 8
344	한 변의 길이가 18cm인 정사각형과 둘레가 같은 정팔각형이 있습니다. 이 정팔각형의 한 변의 길이는 몇 cm입니까?	18 * 4 / 8
345	한 변의 길이가 19cm인 정삼각형과 둘레가 같은 정육각형이 있습니다. 이 정팔각형의 한 변의 길이는 몇 cm입니까?	19 * 3 / 6
346	한 변의 길이가 3cm인 정삼각형과 둘레가 같은 정육각형이 있습니다. 이 정팔각형의 한 변의 길이는 몇 cm입니까?	3 * 3 / 6
347	한 변의 길이가 4cm인 정삼각형과 둘레가 같은 정육각형이 있습니다. 이 정팔각형의 한 변의 길이는 몇 cm입니까?	4 * 3 / 6
348	한 변의 길이가 16cm인 정삼각형과 둘레가 같은 정육각형이 있습니다. 이 정팔각형의 한 변의 길이는 몇 cm입니까?	16 * 3 / 6
349	한 변의 길이가 12cm인 정삼각형과 둘레가 같은 정육각형이 있습니다. 이 정팔각형의 한 변의 길이는 몇 cm입니까?	12 * 3 / 6
350	한 변의 길이가 18cm인 정팔각형과 둘레가 같은 정팔각형이 있습니다. 이 정오각형의 한 변의 길이는 몇 cm입니까?	18 * 8 / 5
351	한 변의 길이가 14cm인 정팔각형과 둘레가 같은 정팔각형이 있습니다. 이 정오각형의 한 변의 길이는 몇 cm입니까?	14 * 8 / 5
352	한 변의 길이가 13cm인 정팔각형과 둘레가 같은 정팔각형이 있습니다. 이 정오각형의 한 변의 길이는 몇 cm입니까?	13 * 8 / 5
353	한 변의 길이가 17cm인 정팔각형과 둘레가 같은 정팔각형이 있습니다. 이 정오각형의 한 변의 길이는 몇 cm입니까?	17 * 8 / 5
354	한 변의 길이가 18cm인 정팔각형과 둘레가 같은 정팔각형이 있습니다. 이 정오각형의 한 변의 길이는 몇 cm입니까?	18 * 8 / 5
355	한 변의 길이가 11cm인 정사각형과 둘레가 같은 정육각형이 있습니다. 이 정팔각형의 한 변의 길이는 몇 cm입니까?	11 * 4 / 6
356	한 변의 길이가 2cm인 정사각형과 둘레가 같은 정육각형이 있습니다. 이 정팔각형의 한 변의 길이는 몇 cm입니까?	2 * 4 / 6
357	한 변의 길이가 1cm인 정사각형과 둘레가 같은 정육각형이 있습니다. 이 정팔각형의 한 변의 길이는 몇 cm입니까?	1 * 4 / 6
358	한 변의 길이가 17cm인 정사각형과 둘레가 같은 정육각형이 있습니다. 이 정팔각형의 한 변의 길이는 몇 cm입니까?	17 * 4 / 6
359	한 변의 길이가 14cm인 정사각형과 둘레가 같은 정육각형이 있습니다. 이 정팔각형의 한 변의 길이는 몇 cm입니까?	14 * 4 / 6
360	둘레가 4cm인 직사각형이 있습니다. 이 직사각형의 가로 길이가 세로 길이의 5배일 때 가로는 몇 cm입니까?	4 / (2 * 5 + 2) * 5
361	둘레가 3cm인 직사각형이 있습니다. 이 직사각형의 가로 길이가 세로 길이의 6배일 때 가로는 몇 cm입니까?	3 / (2 * 6 + 2) * 6
362	둘레가 6cm인 직사각형이 있습니다. 이 직사각형의 가로 길이가 세로 길이의 7배일 때 가로는 몇 cm입니까?	6 / (2 * 7 + 2) * 7
363	둘레가 10cm인 직사각형이 있습니다. 이 직사각형의 가로 길이가 세로 길이의 1배일 때 가로는 몇 cm입니까?	10 / (2 * 1 + 2) * 1
364	둘레가 3cm인 직사각형이 있습니다. 이 직사각형의 가로 길이가 세로 길이의 2배일 때 가로는 몇 cm입니까?	3 / (2 * 2 + 2) * 2
